{"ports": {"data": {"Etats-Unis": {"San Luis": {"constituants": {"M2": [-0.5299578891132151, -0.8788602739161437], "S2": [-0.13909510562697247, -0.2942425408843793], "N2": [-0.11914852375221202, -0.5390463698960138], "K1": [-0.41714611364013654, -0.5928378486765336], "O1": [-0.26918994786390765, -1.1923026145326616], "P1": [-0.11916988171754103, -0.8005003076458008], "M4": [0.0009219798085658901, 0.00012538128812603056]}, "RMSE": 0.08656143459952094, "msl": 0.1043390410958904}, "jfjf": {"data": {}, "constituants": {"M2": [-1.2626916886909532, -0.4211088576885581], "S2": [-0.42795538470791655, -0.4367028778719728], "N2": [-0.22961817608463736, -0.2627343116539973], "K1": [-0.05964328502263963, 1.309768848305612], "O1": [0.08015819989244492, -0.78510739047412], "P1": [-0.021436875890866406, 1.283154241211144], "M4": [-0.06003472242460026, -0.6004188404075889]}, "prediction": [], "RMSE": 0.24927026885630557, "msl": 2.480077643297556}}}}}