{"Etats-Unis": {"San Luis": {"data": {}, "constituants": {"M2": [[1.8, 190.4, 28.984104], [0.5300483977332987, 2.2627488941664256, 0.00014051890153901625]], "S2": [[0.45, 196.3, 30.0], [-0.139139618939614, -0.2947805523261, 0.0001454441043328608]], "N2": [[0.4, 164.1, 28.43973], [0.11916520770105395, 2.6027613171045094, 0.00013787970191061303]], "K1": [[1.26, 219.9, 15.041069], [0.41715155979544927, 2.54867964378266, 7.292116029712527e-05]], "O1": [[0.77, 204.1, 13.943035], [0.2693284209229049, 1.949232821359274, 6.759774124189098e-05]], "P1": [[0.39, 215.0, 14.958931], [0.11916816657544159, 2.340856465889138, 7.252294403573552e-05]], "M4": [[0.0, 259.1, 57.96821], [-0.0006081169686596645, 4.521777673880259, 0.0002810378127743061]]}}}, "S\u00e9n\u00e9gal": {"Dakar": {"data": {}, "constituants": {"M2": [[0, 0, 0], [0.002819973921173949, 0.0, 0.0]], "S2": [[0, 0, 0], [0.002819973921173949, 0.0, 0.0]], "N2": [[0, 0, 0], [0.002819973921173949, 0.0, 0.0]], "K1": [[0, 0, 0], [0.002819973921173949, 0.0, 0.0]], "M4": [[0, 0, 0], [0.002819973921173949, 0.0, 0.0]], "O1": [[0, 0, 0], [0.002819973921173949, 0.0, 0.0]], "M6": [[0, 0, 0], [0.002819973921173949, 0.0, 0.0]], "MK3": [[0, 0, 0], [0.002819973921173949, 0.0, 0.0]], "S4": [[0, 0, 0], [0.002819973921173949, 0.0, 0.0]], "MN4": [[0, 0, 0], [0.002819973921173949, 0.0, 0.0]], "NU2": [[0, 0, 0], [0.002819973921173949, 0.0, 0.0]], "S6": [[0, 0, 0], [0.002819973921173949, 0.0, 0.0]], "MU2": [[0, 0, 0], [0.002819973921173949, 0.0, 0.0]], "2N2": [[0, 0, 0], [0.002819973921173949, 0.0, 0.0]], "OO1": [[0, 0, 0], [0.002819973921173949, 0.0, 0.0]], "S1": [[0, 0, 0], [0.002819973921173949, 0.0, 0.0]], "M1": [[0, 0, 0], [0.002819973921173949, 0.0, 0.0]], "J1": [[0, 0, 0], [0.002819973921173949, 0.0, 0.0]], "MM": [[0, 0, 0], [0.002819973921173949, 0.0, 0.0]], "SSA": [[0, 0, 0], [0.002819973921173949, 0.0, 0.0]], "SA": [[0, 0, 0], [0.002819973921173949, 0.0, 0.0]], "MSF": [[0, 0, 0], [0.002819973921173949, 0.0, 0.0]], "MF": [[0, 0, 0], [0.002819973921173949, 0.0, 0.0]], "RHO": [[0, 0, 0], [0.002819973921173949, 0.0, 0.0]], "Q1": [[0, 0, 0], [0.002819973921173949, 0.0, 0.0]], "T2": [[0, 0, 0], [0.002819973921173949, 0.0, 0.0]], "R2": [[0, 0, 0], [0.002819973921173949, 0.0, 0.0]], "2Q1": [[0, 0, 0], [0.002819973921173949, 0.0, 0.0]], "P1": [[0, 0, 0], [0.002819973921173949, 0.0, 0.0]], "M3": [[0, 0, 0], [0.002819973921173949, 0.0, 0.0]], "L2": [[0, 0, 0], [0.002819973921173949, 0.0, 0.0]], "2MK3": [[0, 0, 0], [0.002819973921173949, 0.0, 0.0]], "K2": [[0, 0, 0], [0.002819973921173949, 0.0, 0.0]], "M8": [[0, 0, 0], [0.002819973921173949, 0.0, 0.0]], "MS4": [[0, 0, 0], [0.002819973921173949, 0.0, 0.0]], "2SM2": [[0, 0, 0], [0.002819973921173949, 0.0, 0.0]], "LAM2": [[0, 0, 0], [0.002819973921173949, 0.0, 0.0]]}, "prediction": []}}}